{
  "quantization_type": "dynamic",
  "original": {
    "accuracy": 81.21875,
    "size_mb": 21.108388900756836,
    "inference_ms": 126.81608200073241
  },
  "quantized": {
    "accuracy": 81.1875,
    "size_mb": 13.932123184204102,
    "inference_ms": 49.355149269104004
  },
  "test_batches": 200
}