{
  "original": {
    "accuracy": 67.668,
    "size_mb": 9.746688842773438,
    "inference_ms": 21.11936330795288
  },
  "quantized": {
    "accuracy": 0,
    "size_mb": 0.09314346313476562,
    "inference_ms": -1.0
  },
  "calibration_stats": {
    "features.0.0": {
      "min": -5.156332969665527,
      "max": 4.901666641235352
    },
    "features.1.block.0.0": {
      "min": -4.0434041023254395,
      "max": 4.143904685974121
    },
    "features.1.block.1.fc1": {
      "min": -0.002832328202202916,
      "max": 0.0008891616016626358
    },
    "features.1.block.1.fc2": {
      "min": -6.938574159676136e-09,
      "max": 0.0026774064172059298
    },
    "features.1.block.2.0": {
      "min": -3.075597047805786,
      "max": 4.067406177520752
    },
    "features.2.block.0.0": {
      "min": -2.5260493755340576,
      "max": 3.3811166286468506
    },
    "features.2.block.1.0": {
      "min": -2.450259208679199,
      "max": 1.8023067712783813
    },
    "features.2.block.2.0": {
      "min": -3.317903757095337,
      "max": 3.594268798828125
    },
    "features.3.block.0.0": {
      "min": -2.6123392581939697,
      "max": 2.7435853481292725
    },
    "features.3.block.1.0": {
      "min": -2.042877197265625,
      "max": 2.1844990253448486
    },
    "features.3.block.2.0": {
      "min": -1.2250690460205078,
      "max": 1.5644830465316772
    },
    "features.4.block.0.0": {
      "min": -2.531346082687378,
      "max": 2.1963770389556885
    },
    "features.4.block.1.0": {
      "min": -0.8570550084114075,
      "max": 0.9468743801116943
    },
    "features.4.block.2.fc1": {
      "min": -2.951617479324341,
      "max": 0.6504120826721191
    },
    "features.4.block.2.fc2": {
      "min": -1.1758967638015747,
      "max": 0.8893275260925293
    },
    "features.4.block.3.0": {
      "min": -1.6229969263076782,
      "max": 1.6465644836425781
    },
    "features.5.block.0.0": {
      "min": -0.9894548058509827,
      "max": 1.1338073015213013
    },
    "features.5.block.1.0": {
      "min": -1.7658872604370117,
      "max": 1.5022481679916382
    },
    "features.5.block.2.fc1": {
      "min": -2.0034656524658203,
      "max": 2.924729585647583
    },
    "features.5.block.2.fc2": {
      "min": -1.360089898109436,
      "max": 3.1225807666778564
    },
    "features.5.block.3.0": {
      "min": -1.0367522239685059,
      "max": 1.37503182888031
    },
    "features.6.block.0.0": {
      "min": -1.2906242609024048,
      "max": 1.0266804695129395
    },
    "features.6.block.1.0": {
      "min": -1.3256171941757202,
      "max": 1.2952511310577393
    },
    "features.6.block.2.fc1": {
      "min": -1.694115161895752,
      "max": 1.4287447929382324
    },
    "features.6.block.2.fc2": {
      "min": -1.361488938331604,
      "max": 2.6525795459747314
    },
    "features.6.block.3.0": {
      "min": -0.9979966282844543,
      "max": 1.1825189590454102
    },
    "features.7.block.0.0": {
      "min": -1.5189307928085327,
      "max": 1.5303295850753784
    },
    "features.7.block.1.0": {
      "min": -2.1815073490142822,
      "max": 2.744065046310425
    },
    "features.7.block.2.fc1": {
      "min": -2.7095184326171875,
      "max": 2.260763645172119
    },
    "features.7.block.2.fc2": {
      "min": -1.9418760538101196,
      "max": 1.4009532928466797
    },
    "features.7.block.3.0": {
      "min": -1.5028724670410156,
      "max": 1.3351179361343384
    },
    "features.8.block.0.0": {
      "min": -0.7098119854927063,
      "max": 0.8085798621177673
    },
    "features.8.block.1.0": {
      "min": -1.3526068925857544,
      "max": 1.4215806722640991
    },
    "features.8.block.2.fc1": {
      "min": -1.6080955266952515,
      "max": 1.0052679777145386
    },
    "features.8.block.2.fc2": {
      "min": -1.0120943784713745,
      "max": 1.3409053087234497
    },
    "features.8.block.3.0": {
      "min": -0.7318779826164246,
      "max": 0.9371513724327087
    },
    "features.9.block.0.0": {
      "min": -1.0269873142242432,
      "max": 0.9694325923919678
    },
    "features.9.block.1.0": {
      "min": -0.4936641752719879,
      "max": 0.6930842399597168
    },
    "features.9.block.2.fc1": {
      "min": -1.2918025255203247,
      "max": 1.2099535465240479
    },
    "features.9.block.2.fc2": {
      "min": -1.2553433179855347,
      "max": 1.1287487745285034
    },
    "features.9.block.3.0": {
      "min": -1.0360504388809204,
      "max": 0.802460253238678
    },
    "features.10.block.0.0": {
      "min": -0.6917877793312073,
      "max": 0.5585760474205017
    },
    "features.10.block.1.0": {
      "min": -1.0600991249084473,
      "max": 1.0185579061508179
    },
    "features.10.block.2.fc1": {
      "min": -0.8588170409202576,
      "max": 1.5574437379837036
    },
    "features.10.block.2.fc2": {
      "min": -1.4590386152267456,
      "max": 2.3493258953094482
    },
    "features.10.block.3.0": {
      "min": -0.6704692840576172,
      "max": 0.7823049426078796
    },
    "features.11.block.0.0": {
      "min": -0.712059736251831,
      "max": 0.6981404423713684
    },
    "features.11.block.1.0": {
      "min": -0.9362416863441467,
      "max": 1.0065269470214844
    },
    "features.11.block.2.fc1": {
      "min": -0.6627973914146423,
      "max": 1.2207376956939697
    },
    "features.11.block.2.fc2": {
      "min": -0.8494439125061035,
      "max": 1.4260954856872559
    },
    "features.11.block.3.0": {
      "min": -0.6385164260864258,
      "max": 0.7330470085144043
    },
    "features.12.0": {
      "min": -1.0719479322433472,
      "max": 0.7997832298278809
    },
    "classifier.0": {
      "min": -1.5106282234191895,
      "max": 1.0448628664016724
    },
    "classifier.3": {
      "min": -0.4130006730556488,
      "max": 0.7491210103034973
    }
  }
}